String name, String context, X20(...) / XE(S) / V20, X18RS / X14(...) / T14 / V15, All other radios
TRANSLATION_NAME,,"Deutsch"
TRANSLATION_KEY,,"de"
FORMULA,,"Formel"
CALCULATED_SENSOR,,"Berechneter Sensor"
NAME,,"Name"
DECIMALS,,"Kommastellen"
VALUE,,"Wert"
SENSOR_LOST_WARNING_DELAY,,"Sensor verloren, Ansage verz.:"
WARNING_DISABLED,,"Warnung deaktiviert"
RANGE,,"Bereich"
SPACE_WITH_SAMPLES,," Messungen"
RESET,,"zurücksetzen","zurücks."
TELEMETRY_SENSOR,,"Telemetrie-Sensor"
UNIT,,"Physikalische Einheit"
WRITE_LOGS,,"Logs schreiben"
ID,,"ID"
CENTER,,"Mittelstellung"
SUBTRIM,,"Sub-Trimmung"
PWM_CENTER,,"PWM-Mitte"
NORMAL,,"normal"
EQUAL,,"gleich"
UNPLUGGED,,"nicht ausgewählt"
BEHAVIOUR,,"Aktion"
ADD_NEW_BEHAVIOUR,,"Neue Aktion hinzufügen","Neue Aktion hinz."
ADD_EXTRA_TRIM,,"Extra-Trimmung hinzufügen","Extra-Trimmung hinz."
EXTRA_TRIM,,"Extra-Trimmung"
SLOW_UP,,"Servo-Geschw. (< Richt.)"
MIN,,"min."
CURVE,,"Kurve "
MAX,,"max."
CHANNEL,,"Kanal"
INVERT,,"invers"
SLOW_DOWN,,"Servo-Geschw. (Richt. >)"
INVERTED,,"invert."
FLIGHT_MODES,,"Flugphasen"
MIX_FLIGHT_MODES_DESCRIPTION,,"Flugphasen-Auswahl"
MIX_NAME_DESCRIPTION,,"Mixer-Namen bearbeiten"
TRIGGER_ON_CONDITION,,"Trigger-EIN-Bedingung"
COMMENT,,"Kommentar"
FUNCTION,,"Funktion"
VALUES,,"Wert"
ADD_NEW_VALUE,,"Neuen Wert hinzufügen","Neuen Wert hinz."
ACTIONS,,"Aktionen"
ADD_NEW_ACTION,,"Neue Aktion hinzufügen","Neue Aktion hinz."
DURATION_HIGH,,"Laufzeit aktiv"
RISING_EDGE,,"Flanke steig."
DURING,,"während"
VALUE1,,"Wert 1"
VALUE_X,,"Wert (X)"
CHECK_INTERVAL,,"Intervall prüfen"
ACTIVE_CONDITION,,"Aktiviert durch","Aktiviert"
MIN_DURATION,,"Min. Laufzeit"
MAX_DURATION,,"Max. Laufzeit"
DURATION_LOW,,"Laufzeit inaktiv"
VALUE2,,"Wert 2"
DELAY_BEFORE_ACTIVE,,"Verzögerung bevor aktiv"
DURATION,,"Dauer"
SOURCE_A,,"Quelle (A)"
TRIGGER_OFF_CONDITION,,"Trigger-AUS-Bedingung"
DELAY_BEFORE_INACTIVE,,"Verzögerung bevor inaktiv"
DELAY_ON_OFF,,"Verz. EIN/AUS"
SOURCE,,"Quelle"
APPLICATION_ID,,"Anwendungs-ID"
PHYSICAL_ID,,"Physikalische ID"
ACTION,,"Aktion"
TRAINER,,"L/S-Konfiguration ","L/S-Konfig."
TRAINER_MODE,,"Lehrer/Schüler-Modus"
CHANNEL_RANGE,,"Kanalbereich"
CH,,"K"
OUTPUTS,,"Ausgänge"
LAST_MODIFICATION,,"Letzte Änderung","Letzte Änd."
CLONE,,"klonen"
MODEL_MATCH,,"Modell-ID"
MODEL_DATA_LOAD,,"Modelldaten werden geladen","Modelldaten laden"
FILE_SIZE,,"Dat.-Größe"
MODEL_SELECT,,"Modelle"
NO_MODELS_DIRECTORY,,"Kein Modellverzeichnis!"
ARE_YOU_SURE_YOU_WANT_TO_DELETE_THIS_MODEL,,"Sicher, dass Sie dieses Modell löschen möchten?"
SUCCESS,,"Erfolgreich!"
CLONE_MODEL_SUCCESSFULLY,,"Das Modell wurde erfolgreich geklont!"
FILENAME_TOO_LONG,,"Dateiname zu lang!"
RX_STILL_ON_SELECT_ANOTHER_MODEL,,"Empfänger noch eingeschaltet, Modell wirklich wechseln?"
CONFIRM_SELECT_ANOTHER_MODEL,,"Modell wirklich wechseln?"
FILE_NAME,,"Dat.-Name"
MODEL_TYPE,,"Modell-Typ"
CONFIRM,,"Bestätigen"
SET_CURRENT_MODEL,,"Modell auswählen"
UNCATEGORIZED,,"keine Kategorie"
CHANGE_FOLDER,,"Ordner wechseln"
OPERATION,,"Operation"
OPERATION_FAILED,,"Operation fehlgeschlagen!"
DELETE_FOLDER,,"Ordner löschen"
RENAME_FOLDER,,"Ordner umbenennen"
CREATE_FOLDER,,"Ordner anlegen"
CONFIRM_DELETE_FLIGHT_MODE,,"Flugphase wirklich löschen?"
MOVE,,"verschieben"
EDIT,,"bearbeiten"
ADD,,"hinzufügen"
TELEMETRY_PORT,,"Telemetrie-Port","Telem.-Port"
WARNING,,"Warnung"
ERRORS,,"FEHLER"
OPTIONS,,"Optionen"
CONFIGURE,,"Konfigurieren","Konfig."
WAITING_FOR_RECEIVER,,"Warten auf Empfänger..."
PIN,,"PIN"
TELEMETRY,,"Telemetrie"
RX_SETTINGS,,"Empf.-Einstellungen"
NO_RESPONSE_FROM_RECEIVER,,"Empfänger antwortet nicht"
SBUS_OUT,,"SBUS OUT"
SBUS_IN,,"SBUS IN"
TELEMETRY_25_MW,,"Reduzierte Telemetrieleistung (25mW)","Reduz. Telem.-Leist. (25mW)"
HIGH_PWM_SPEED,,"HS-PWM-Rate EIN=7ms - AUS=21ms","HS-PWM-Rate EIN=7ms"
FLIGHT_DATA_RECORDER,,"Flugdaten-Aufz."
RX_HAS_NO_FLIGHT_DATA_RECORD,,"Empfänger hat keine Flugdaten-Aufz."
DEVICE_CONFIG,,"Geräte-Konfig."
CONFIRM_DELETE_TIMER,,"Stoppuhr wirklich löschen?"
TIMER,,"Stoppuhr "
MODE,,"Modus"
PASTE,,"einfügen"
TIMERS,,"Stoppuhren"
COPY,,"kopieren"
NO_TIMER_HINT,,"Keine Stoppuhr vorhanden. Zum Erstellen Plus-Button drücken!","Zum Erstellen einer Stoppuhr Plus-Button drücken!"
ANTENNA,,"Antenne"
POWER_HAS_BEEN_CHANGED_PLEASE_REBIND,,"Sendeleistung verändert, bitte neu binden!"
NO_RESPONSE_FROM_MODULE,,"Modul antwortet nicht!"
POWER,,"Leistung"
BAUDRATE,,"Baudrate"
WAITING_FOR_MODULE,,"Warten auf HF-Modul..."
TX_SETTINGS,,"Sender-Einstellungen"
MIXES,,"Mischer"
CHANNELS,,"Kanäle"
FLIGHT_MODE,,"Flugphase"
D,,"D"
CONFIRM_DELETE_MIX,,"Mischer wirklich löschen?"
CONFIRM_DELETE_SSS,,"%s wirklich löschen?"
NONE,,"keine Auswahl"
NO_MIX_HINT,,"Kein Mischer vorhanden. Zum Erstellen Plus-Button drücken!","Zum Erstellen eines Mischers Plus-Button drücken!"
TYPE,,"Typ"
SHARE,,"teilen"
RX,,"Empf. "
RACING_MODE,,"Racing-Modus"
RANGE_CHECK,,"Reichweitentest"
EXTERNAL_MODULE,,"Ext. HF-Modul"
BIND_OK,,"Bindung erfolgreich"
BINDING_3DOTS,,"Binden..."
BIND,,"Binden"
FAILSAFE,,"Failsafe"
INTERNAL_MODULE,,"Int. HF-Modul"
SET_FAILSAFE,,"Failsafe"
RESET_BIND,,"Bindung löschen"
FACTORY_RESET,,"Werkseinstellungen"
RF_SYSTEM,,"HF-System"
OWNER_REGISTRATION_ID,,"Sender-ID"
SELECT_DEVICE,,"Empf./Gerät auswählen"
REGISTER,,"Registrierung"
VALID_FRAME_RATE,,"VFR"
STATE,,"Zustand"
PROTOCOL,,"Protokoll"
ARE_YOU_SURE_TO_RESET_THIS_RECEIVER,,"Sicher, dass Sie diesen Empfänger zurücksetzen möchten?"
SET,,"Einstellungen"
EXPO,,"Expo"
UNIT_POINTS_COUNT,," Punkte"
WEIGHT,,"Gew."
POINTS,,"Punkte"
OFFSET,,"Offset"
AUTO_OFFSET,,"Auto-Offset"
OFFSET_WHEN_ACTIVE,,"Offset, wenn aktiv"
OFFSET_WHEN_INACTIVE,,"Offset, wenn inaktiv"
SMOOTH,,"gerundet"
POINT,,"Punkt "
POINTS_COUNT,,"X Pkt. Kurve"
EASY_MODE,,"einfacher Modus"
LOGIC_SWITCHES,,"Log. Schalter"
ARE_YOU_SURE_YOU_WANT_TO_DELETE_THIS_LOGIC_SWITCH,,"Sicher, dass Sie diesen logischen Schalter löschen möchten?"
NO_LOGIC_SWITCH_HINT,,"Kein logischer Schalter vorhanden. Zum Erstellen Plus-Button drücken!","Zum Erstellen eines log. Schalters Plus-Button drücken!"
START_CONDITION,,"Zustand starten"
STOP_CONDITION,,"Zustand anhalten"
TIMER_EDIT,,"Stoppuhr-Einst."
PERSISTENT,,"Wert speichern, wenn TX AUS?","Wert speich., wenn TX AUS?"
START_VALUE,,"Start-Wert"
AUDIO_ACTIONS,,"Audio-Aktionen"
AUDIO_ACTION,,"Audio-Aktion"
ADD_A_NEW_AUDIO_ACTION,,"Neue Audio-Aktion hinzufügen","Neue Audio-Aktion hinz."
ALARM_VALUE,,"Alarm-Wert"
HAPTIC,,"Haptik"
COUNTDOWN,,"Countdown"
BEEP_COUNTDOWN,,"Signalton Countdown"
START,,"Start"
PLAY_FILE,,"Datei abspielen"
SPACE_WITH_OTHERS,," andere..."
CONFIRM_DELETE_CURVE,,"Kurve wirklich löschen?"
CURVE_USED_BY,,"Diese Kurve wird genutzt von: "
AND_WITH_TWO_SPACES,," und "
CURVES,,"Kurven"
VARS,,"Variablen"
NO_VAR_HINT,,"Keine Variable vorhanden. Zum Erstellen Plus-Button drücken!","Zum Erstellen einer Variablen Plus-Button drücken!"
ARE_YOU_SURE_YOU_WANT_TO_DELETE_THIS_VAR,,"Sicher, dass Sie diese Variable löschen möchten?"
NO_CURVE_HINT,,"Keine Kurve vorhanden. Zum Erstellen Plus-Button drücken!","Zum Erstellen einer Kurve Plus-Button drücken!"
CONFIRM_RESET_MIXES,,"Alle Mischer werden zurückgesetzt.\nSicher, dass Sie fortfahren möchten?"
ELEVATORS,,"HR"
YAW,,"Gier"
SWASH_PLATE,,"Taumelscheibe","Taumelsch."
EDIT_MODEL,,"Modell-Konfig."
PICTURE,,"Foto"
TAIL,,"Leitwerk-Typ"
AILERONS,,"QR"
PITCH,,"Nick"
THROTTLE,,"Gas"
FLAPS,,"Klappen"
ENGINE,,"Motor"
RUDDERS,,"SR"
ROLL,,"Roll"
FUNCTION_SWITCHES,,"Funktionsschalter"
RESET_ALL_MIXES,,"Alle Mischer zurücksetzen"
CREATE_CALCULATED_SENSOR,,"Berechneten Sensor erstellen"
CONFIRM_DELETE_SENSORS,,"Alle Sensoren werden gelöscht.\nSicher, dass Sie fortfahren möchten?"
ON,,"EIN"
OFF,,"AUS"
DISCOVER_NEW_SENSORS,,"Sensoren finden"
DELETE_ALL,,"Alle löschen"
INDIVIDUAL_RSSI_ALERT_PER_BAND,,"Individueller RSSI-Alarm pro Band"
CREATE_DIY_SENSOR,,"DIY-Sensor erstellen"
CONFIRM_LOAD_ALL_SWITCH_POSITIONS,,"Alle Schalter-Positionen werden mit den aktuellen Positionen überschrieben.\nSicher, dass Sie fortfahren möchten?"
CHECK_FUNCTION,,"Funktion prüfen"
LOAD_ALL_SWITCH_POSITIONS,,"Alle Schalter-Positionen laden"
CONFIRM_LOAD_ALL_POT_POSITIONS,,"Alle Potentiometer-Positionen werden mit den aktuellen Positionen überschrieben.\nSicher, dass Sie fortfahren möchten?"
LOAD_ALL_POT_POSITIONS,,"Alle Poti-Positionen laden"
CALIBRATION_FINISH,,"Kalibrierung abgeschlossen!"
SXR_CALIBRATION,,"SxR-Kalibrierung"
CLICK_WHEN_DONE,,"Klicken, wenn fertig."
CALIBRATING,,"Kalibrierung..."
SXR_CALIBRATION_DESCRIPTION,,"Positionieren Sie den SxR gemäß der Grafik. Achten Sie auf die Lage der Beschriftung und der Steckerpins."
SLAVE_CH,,"Ersatzkanal "
PERCENT,,"Prozent"
DESTINATION,,"Zielort"
ENABLE,,"AKTIV"
NO_FUNCTION_HINT,,"Keine Spezialfunktion vorhanden. Zum Erstellen Plus-Button drücken!","Zum Erstellen einer Spezialfunktion Plus-Button drücken!"
SPECIAL_FUNCTIONS,,"Spez.-Funktionen","Spez.-Funkt."
SF,,"SF"
DISABLE,,"INAKTIV"
ARE_YOU_SURE_YOU_WANT_TO_DELETE_THIS_SPECIAL_FUNCTION,,"Sicher, dass Sie diese Spezialfunktion löschen möchten?"
REGISTRATION_OK,,"Registrierung erfolgreich"
UID,,"UID"
REGISTRATION_ID,,"Sender-ID"
RX_NAME,,"Empfänger-Name"
RECEIVER_CONNECTED,,"Empfänger verbunden"
REGISTRATION,,"Registrierung"
TRIMS,,"Trimmungen","Trimmung"
FADE_IN,,"Fade In"
FADE_OUT,,"Fade Out"
AUTO_DETECT,,"Automatische Erkennung"
DISPLAY_DECIMALS_AND_UNIT,,"Bildschirm Präzision/Einheit"
SELECT_SENSOR,,"Sensor auswählen"
DIY_SENSOR,,"DIY-Sensor"
WAITING,,"Warten"
BAND,,"Band"
RATIO,,"Verhältnis"
MODULE,,"Modul"
PROTOCOL_DECIMALS_AND_UNIT,,"Protokoll Präzision/Einheit"
CROSS_TRIM,,"Kreuz-Trimmung"
MOVE_TRIM_TO_SUBTRIM,,"Versch. Trimmung zu Sub-Trimm.","Trimm. zu Sub-Trimm."
INSTANT_TRIM,,"Direkt-Trimmung"
CONFIRM_MOVE_TRIM_TO_SUBTRIM,,"Trimmung wirklich zu Sub-Trimmung verschieben?"
MOVE_TRIMS_TO_SUBTRIMS,,"Versch. Trimmungen zu Sub-Trimm.","Trimm. zu Sub-Trimm."
CONFIRM_MOVE_TRIMS_TO_SUBTRIMS,,"Trimmungen wirklich zu Sub-Trimmungen verschieben?"
INDEPENDENT_PER_FLIGHT_MODE,,"Trimmung je Flugphase"
STICK,,"Steuerknüppel "
CONFIGURE_SCREENS,,"Bildschirm konfig."
TOP_SCREEN,,"Bildschirm oben"
CHANGE_LAYOUT,,"Layout ändern"
FULL_SCREEN,,"Vollbild"
WIDGET,,"Widget"
SET_MAIN_SCREEN,,"Hauptbildschirm festlegen"
CONFIGURE_WIDGET,,"Widget konfigurieren"
NEW_SCREEN,,"Neuer Bildschirm"
SCREEN,,"Bildsch. "
CHANGE_WIDGET,,"Widget tauschen"
MOVE_FORWARD,,"← vorwärts bew.","vorw. bew."
MOVE_BACKWARD,,"→ zurück bewegen","zurück bew."
RESET_FLIGHT,,"Flug zurücksetzen"
RESET_TIMERS,,"Stoppuhren zurücksetzen"
RESET_TELEMETRY,,"Telemetrie zurücksetzen"
HOME,,"Startseite"
ADD_AFTER,,"hinzufügen nach..."
ADD_MIX_FAILED,,"Mischer hinzufügen fehlgeschlagen!"
MAX_MIXES_REACHED,,"Die maximale Anzahl der Mischer ist erreicht!"
FIRST_POSITION,,"Erste Position"
LAST_POSITION,,"Letzte Position"
MIXES_LIBRARY,,"Mischer-Bibliothek"
LOCAL_ADDRESS,,"Lokale Adresse"
WAITING_FOR_DEVICES,,"Warten auf Geräte..."
LOCAL_NAME,,"Lokaler Name"
SEARCH_DEVICES,,"Geräte suchen..."
BLUETOOTH_DEVICE_CONNECTED,,"Bluetooth-Gerät verbunden!"
CONNECT_LAST_DEVICE,,"Letztes Gerät verbinden"
DEVICE,,"Gerät"
NO_BLUETOOTH_DEVICE_FOUND,,"Kein Bluetooth-Gerät gefunden!"
DISCONNECT,,"Verb. trennen"
WAITING_FOR_DEVICE,,"Warten auf Gerät..."
DIST_ADDRESS,,"Externe Adresse"
CONNECTING,,"Verbinden"
ROTARY_ENCODER_HALF_STEPS,,"Scrollrad-Empfindlichkeit verringern"
BLUETOOTH_AUDIO,,"Bluetooth-Audio"
NOT_INSTALLED,,"Nicht installiert (Standard)"
INSTALLED_AS_AN_OPTION,,"Als Option installiert"
RESET_MODULE,,"Modul zurücksetzen"
HIGH_SPEED,,"Geschw. HOCH"
NORMAL_SPEED,,"Geschw. NORMAL"
MODEL,,"Modell"
CHECKLIST,,"Checkliste"
FILE_MANAGER,,"Dateimanager"
SOUND,,"Warntöne & Vibr."
STICKS,,"Knüppelmodus","Knüppelmod."
DATE_TIME,,"Datum & Uhrzeit","Datum & Uhrz."
HARDWARE,,"Hardware"
INFO,,"Info"
SERIAL_NUMBER,,"Seriennummer"
RESET_FACTORY_SETTINGS,,"Auf Werkseinst. zurücksetzen","Auf Werkseinst. zurücks."
CONFIRM_RESET_FACTORY_SETTINGS,,"Wirklich auf Werkseinstellungen zurücksetzen?"
SYSTEM,,"System"
DISPLAY,,"Bildschirm"
KEYBOARD,,"Tastatur"
ENABLE_SLIDER,,"Schiebereg. akt."
DISABLE_SLIDER,,"Schiebereg. inakt."
ALERTS,,"Alarme"
SPECTRUM_ANALYSER,,"Spekt. Analyser"
BATTERY,,"Stromversorgung","Stromvers."
CHECKLIST_WARNING,,"CHECKLISTE WARNUNG"
PRESS_ANY_KEY_TO_SKIP,,"Mit beliebiger Taste überspringen"
RADIO_IS_IN_SILENT_MODE,,"Sender ist im lautlosen Modus"
RADIO_BATTERY_IS_LOW,,"Senderakkuspannung niedrig"
THROTTLE_IS_NOT_IDLE,,"Gas ist nicht in Leerlaufstellung!"
ARE_NOT_IN_SAFE_POSITION,," sind nicht in sicherer Position"
IS_NOT_IN_SAFE_POSITION,," ist nicht in sicherer Position"
FUNCTION_SWITCHES_ARE_NOT_IN_SAFE_POSITION,,"Funktionsschalter sind nicht in sicherer Position"
FAILSAFE_IS_NOT_SET,,"Failsafe ist nicht eingestellt"
RTC_BATTERY_IS_LOW,,"Uhr/Dat.-Batteriespannung niedrig"
ALWAYS_ON,,"EIN"
YES,,"JA"
DIGITAL_RSSI,,"RSSI digital"
GYRO,,"Kreisel"
GYRO_SWITCHES,,"Kreisel-Schalter"
LANGUAGE,,"Sprache"
SWITCHES,,"Schalter"
TOP_TOOLBAR,,"Symbolleiste oben"
NO,,"NEIN"
BRIGHTNESS,,"Helligkeit"
KEYS,,"Tasten"
WAKE_UP,,"Bildschirm einschalten durch"
DIGITAL_VOLTAGE,,"Senderakkuspannung digital","Senderakkuspannung"
SLEEP,,"Helligkeit reduzieren nach"
SYSTEM_ALERTS,,"System-Alarme"
INACTIVITY,,"Inaktivitäts-Warnung nach"
AUTO_ADJUST_FROM_GPS,,"Autom. Abgl. Uhrz. über GPS"
DATE,,"Datum"
ADJUST_RTC_SPEED,,"Man. Abgl. Uhrz.-Genauigkeit"
SHOW_SECONDS,,"Sekunden anzeigen"
IS24HOUR,,"Zeitformat 24 Std."
TIME_ZONE,,"Zeitzone"
YEAR,,"Jahr"
MONTH,,"Monat"
TIME,,"Uhrzeit"
NEXT,,"Weiter"
GYRO_CALIBRATION,,"Kreisel kalibrieren"
PREV,,"Zurück"
MDL_LONG,,"MDL lang"
HARDWARE_CHECK,,"Hardware-Test"
SWITCHES_SETTINGS,,"Einstellungen Schalter","Einst. Schalter"
ADC_INSPECTOR,,"ADC-Wert-Prüfer"
SYS_LONG,,"SYS lang"
HOME_KEYMAP,,"Startseite Tastaturbelegung"
POTS_SLIDERS_SETTINGS,,"Einstellungen Potis/Slider","Einst. Potis/Slider"
SWITCH_MIDDLE_DETECT_DELAY,,"Schaltermitte erkennt Verz."
DISP_SHORT,,"{DISP_LABEL} kurz"
DISP_LONG,,"{DISP_LABEL} lang"
SWITCH,,"Schalter"
ANALOGS_FILTER,,"Analoge Filter"
ANALOGS_CALIBRATION,,"Kalib. analoge Geber","Kalib. anal. Geber"
CONFIRM_CONTINUE,,"Fortsetzen?"
THR_NOT_LOW_WARNING,,"Gas ist nicht in Leerlaufstellung!"
CHANNELS_ORDER,,"Kanal-Reihenfolge"
STICKS_MODE,,"Steuerknüppelmodus"
STICKS_MODE_1,,"Steuerknüppelmodus 1","Knüppelmodus 1"
STICKS_MODE_2,,"Steuerknüppelmodus 2","Knüppelmodus 2"
STICKS_MODE_3,,"Steuerknüppelmodus 3","Knüppelmodus 3"
STICKS_MODE_4,,"Steuerknüppelmodus 4","Knüppelmodus 4"
FIRST_FOUR_CHANNELS_FIXED,,"Erste 4 Kanäle sind festgel."
NO_SD_CARD,,"Keine SD-Karte"
FLASH_BOOTLOADER,,"Bootloader flashen"
FLASH_INTERNAL_MODULE,,"Internes HF-Modul flashen","Int. HF-Modul flashen"
PLAY,,"abspielen"
CURRENT_VERSION,,"Firmwareversion Empf."
FLASH_RECEIVER_BY_INTERNAL_MODULE_OTA,,"Empf. via int. OTA flashen"
FLASH_RECEIVER_BY_EXTERNAL_MODULE_OTA,,"Empf. via ext. OTA flashen"
OTA_UPDATE,,"OTA-Update"
FLASH_EXTERNAL_DEVICE,,"Externe Geräte flashen"
OPEN,,"öffnen"
FLASH_EXTERNAL_MODULE,,"Externes HF-Modul flashen","Ext. HF-Modul flashen"
FLASH_EXTERNAL_MULTIMODULE,,"Externes Multi-Modul flashen","Ext. Multi-Modul flashen"
MOVE_HERE,,"Hierher versch."
OTA_UPDATE_ERROR,,"OTA-Update Fehler"
UNSUPPORTED_RX,,"Empf. nicht unterstützt"
MAIN_VOLTAGE,,"Senderakkuspannung"
DISPLAY_VOLTAGE_RANGE,,"Anzeige Spannungsbereich"
LOW_VOLTAGE,,"Warnschwelle Akkuspannung"
RTC_VOLTAGE,,"Uhr/Dat.-Batterie"
UNKNOWN,,"unbekannt"
FIRMWARE,,"Firmware"
FIRMWARE_VERSION,,"Firmwareversion"
VIDEO_HARDWARE_VERSION,,"Video-Hardwareversion"
RECEIVER,,"Empfänger "
NON_STABILIZED_RECEIVER,,"Kein stabilisierter Empf."
VARIO,,"Vario"
MAIN_VOLUME,,"Lautstärke, gesamt"
AUDIO_VOLUME,,"Lautstärke"
PITCH_AT_ZERO,,"Tonfrequenz Sinken"
SEQUENCE,,"Sequenzen"
PITCH_AT_MAX,,"Tonfrequenz Steigen"
REPEAT_AT_ZERO,,"Wiederholrate"
FIXED_WING,,"Motor/Jet"
GLIDER,,"Segler"
HELI,,"Hubschrauber","Heli"
MULTI,,"Copter"
OTHER,,"Andere"
CALIBRATION,,"Kalibrierung"
INPUTS,,"Eing.-Ausw."
UPDATE,,"Update"
SDCARD,,"SD-Karte","SD"
SDCARD_ERROR,,"SD-Karte, Fehler"
INVALID_DATA,,"Daten ungültig"
FILE_BAD_FORMAT,,"Daten-Format unbekannt"
NO_FILES_ON_SD,,"SD-Karte ohne Dateien"
READ_ERROR,,"Lesefehler"
WRITE_ERROR,,"Schreibfehler"
WRONG_HEADER,,"Kopfzeile falsch"
WRONG_FORMAT,,"Format falsch"
WRONG_CRC,,"CRC falsch"
WRONG_FILE_SIZE,,"Dateigröße falsch"
WRONG_FILE,,"Datei falsch"
ERROR,,"Fehler"
RUDDER,,"SR"
ELEVATOR,,"HR"
DELETE,,"löschen"
MODEL_BITMAP,,"Modellfoto"
TAIL_TYPE,,"Heck-Typ"
TRADITIONAL,,"Kreuz-Leitwerk","Kreuz-Leitw."
VTAIL,,"V-Leitwerk"
REVERSE,,"invert."
RATE,,"Rate"
UP,,"↑ hoch"
DOWN,,"↓ runter"
RIGHT,,"Eingabe pos."
LEFT,,"Eingabe neg."
TOP,,"Zw.wert pos."
BOTTOM,,"Zw.wert neg."
TIMER_UP,,"↑ hoch"
TIMER_DOWN,,"↓ runter"
LIMIT,,"Limit"
SPEED,,"Geschwindigkeit"
SET_DATE,,"Datum einstellen"
SET_TIME,,"Uhrzeit einstellen"
SILENT_MODE,,"Lautloser Modus"
KEY,,"Passwort"
ALARM,,"Alarm"
TRIM,,"Trimmung"
SETUP_CHANNEL,,"Kanal-Einstellungen"
LOGIC_SWITCH,,"Log. Schalter"
CREATE_MODEL,,"Modell erstellen"
CANCEL,,"Abbrechen"
DELAY,,"verzögern"
SAVE,,"speichern"
LS,,"LS"
FS,,"FS"
OP,,"OP"
TRAINER_MASTER,,"Lehrer"
TRAINER_SLAVE,,"Schüler"
LINK_MODE,,"Verbindungsmodus"
TRAINEE_CHANNEL,,"Schüler Kanal"
SUNDAY,,"Sonntag"
MONDAY,,"Montag"
TUESDAY,,"Dienstag"
WEDNESDAY,,"Mittwoch"
THURSDAY,,"Donnerstag"
FRIDAY,,"Freitag"
SATURDAY,,"Sonnabend"
JANUARY,,"Januar"
FEBRUARY,,"Februar"
MARCH,,"März"
APRIL,,"April"
MAY,,"Mai"
JUNE,,"Juni"
JULY,,"Juli"
AUGUST,,"August"
SEPTEMBER,,"September"
OCTOBER,,"Oktober"
NOVEMBER,,"November"
DECEMBER,,"Dezember"
RECEIVER_TYPE,,"Empf.-Typ"
BACK,,"zurück"
INTERNAL,,"INTERN"
EXTERNAL,,"EXTERN"
RF_PROTOCOL,,"HF-Protokoll"
EXTERNAL_RF,,"HF Extern"
LOGIC_SWITCH_RANGE,,"Bereich log. Sch."
PLAY_SEQUENCE,,"Audio abspielen"
WAIT_DURATION,,"Wartezeit"
WAIT_CONDITION,,"Bedingung abwarten"
CONFIRM_DELETE_LINE,,"Zeile wirklich löschen?"
ADD_A_NEW_LINE_IN_SEQUENCE,,"Eine neue Zeile in der Reihenfolge hinzufügen","Neue Zeile einfügen"
PLAY_TEXT,,"Text abspielen"
GO_TO_SCREEN,,"Weiter zum Bildschirm"
LOCK_TOUCHSCREEN,,"Bildschirm sperren"
BLANK,,"leer"
CALIBRATE,,"Kalibrieren"
CLICK_CALIBRATE_TO_START,,"-Kalibrieren- drücken, um zu beginnen."
CENTER_STICKS_POTS_SLIDERS_AND_CLICK_NEXT,,"Sticks/Potis/Slider in Mittelstellung bringen. Danach -Weiter- drücken.","Sticks/Potis/Slider auf Mitte stellen. Danach -Weiter-."
MOVE_STICKS_POTS_SLIDERS_AND_CLICK_NEXT,,"Sticks/Potis/Slider in jede Endposition bewegen. Danach -Weiter- drücken.","Sticks/Potis/Slider in Endpos. bewegen. Danach -Weiter-."
CALIBRATION_COMPLETE_CLICK_CONFIRM_TO_STORE,,"Kalibrierung abgeschlossen. -Bestätigen- drücken, um zu speichern.","-Bestätigen- drücken, um Kalibrierung zu speichern."
BACKLIGHT,,"Hintergrundbeleuchtung"
DARK_MODE,,"Dunkler Modus"
HIGHLIGHT_COLOR,,"Markierungsfarbe"
MODEL_NAME,,"Name"
NO_AIRBRAKES,,"keine Bremsklappen"
CURRENT,,"Strom"
VFAS,,"Spannung"
TEMPERATURE_2,,"Temp. 2"
TEMPERATURE_1,,"Temp. 1"
FUEL,,"Kraftstoff"
ACCX,,"AccX"
ACCY,,"AccY"
ACCZ,,"AccZ"
GPS_ALT,,"GAlt"
GPS_SPEED,,"GPS-Geschw."
GPS_COURSE,,"GPS-Kurs"
AIR_SPEED,,"Fluggeschw."
BATTERY_1_VOLTAGE,,"Bat1 Spannung"
BATTERY_1_CURRENT,,"Bat1 Strom"
BATTERY_2_VOLTAGE,,"Bat2 Spannung"
BATTERY_2_CURRENT,,"Bat2 Strom"
RBOX_STATE_1,,"RBOX S1"
RBOX_STATE_2,,"RBOX S2"
BATTERY_1_CONSUMPTION,,"Bat1 Verbr."
BATTERY_2_CONSUMPTION,,"Bat2 Verbr."
BATTERY_1_TEMPERATURE,,"Bat1 Temp."
BATTERY_2_TEMPERATURE,,"Bat2 Temp."
SD1_CHANNEL,,"Kanal SD1"
ESC_VOLTAGE,,"ESC Spannung"
ESC_CURRENT,,"ESC Strom"
ESC_RPM,,"ESC U/min"
ESC_CONSUMPTION,,"ESC Verbr."
ESC_TEMPERATURE,,"ESC Temp."
RB_OUTPUT_STATE,,"Ausgangszustand"
RB_CH1_A,,"RB K1_A"
RB_CH2_A,,"RB K2_A"
RB_CH3_A,,"RB K3_A"
RB_CH4_A,,"RB K4_A"
RB_CH5_A,,"RB K5_A"
RB_CH6_A,,"RB K6_A"
RB_CH7_A,,"RB K7_A"
RB_CH8_A,,"RB K8_A"
RB_CH9_A,,"RB k9_A"
RB_OUTPUT_1_VOLTAGE,,"RB Ausg. 1"
RB_OUTPUT_2_VOLTAGE,,"RB Ausg. 2"
GASSUIT_TEMP1,,"GasS.Temp. 1"
GASSUIT_TEMP2,,"GasS.Temp. 2"
GASSUIT_SPEED,,"GasS.U/min"
GASSUIT_RES_VOL,,"GasS.Res.Vol."
GASSUIT_RES_PERC,,"GasS.Res.%"
GASSUIT_FLOW,,"GasS.Durchfl."
GASSUIT_MAX_FLOW,,"GasS.max.Dfl."
GASSUIT_AVG_FLOW,,"GasS.Ø-Dfl."
BEC_VOLTAGE,,"BEC Spannung"
BEC_CURRENT,,"BEC Strom"
POWER_900M,,"868 MHz Leistung"
OK,,"OK"
FLAP,,"Klappe"
AIRBRAKE,,"Klappen-Offset"
FILE,,"Datei"
FLASH_SPORT,,"S.Port flashen"
PLAY_VALUE,,"Wert ansagen"
CATEGORY,,"Kategorie"
MEMBER,,"Teil"
ANALOGS,,"Analog"
SWITCHES_POSITIONS,,"Schalter-Pos."
TRIMS_POSITIONS,,"Trimm.-Pos."
CONST_VALUE,,"konst. Werte"
SLIDER_LEFT,,"Drehg. li."
SLIDER_RIGHT,,"Drehg. re."
RIGHT_HORIZONTAL,,"T1"
TRIM_RIGHT_HORIZONTAL_LEFT,,"T1 links"
TRIM_RIGHT_HORIZONTAL_RIGHT,,"T1 rechts"
RIGHT_VERTICAL,,"T2"
TRIM_RIGHT_VERTICAL_UP,,"T2 hoch"
TRIM_RIGHT_VERTICAL_DOWN,,"T2 tief"
LEFT_VERTICAL,,"T3"
TRIM_LEFT_VERTICAL_UP,,"T3 hoch"
TRIM_LEFT_VERTICAL_DOWN,,"T3 tief"
LEFT_HORIZONTAL,,"T4"
TRIM_LEFT_HORIZONTAL_LEFT,,"T4 links"
TRIM_LEFT_HORIZONTAL_RIGHT,,"T4 rechts"
TRIM_T5_LEFT,,"T5 links"
TRIM_T5_RIGHT,,"T5 rechts"
TRIM_T6_LEFT,,"T6 links"
TRIM_T6_RIGHT,,"T6 rechts"
TRIM_T5_DOWN,,"T5 tief"
TRIM_T5_UP,,"T5 hoch"
TRIM_T6_DOWN,,"T6 tief"
TRIM_T6_UP,,"T6 hoch"
DIFFERENTIAL,,"Differenz.","Diff."
SLOW,,"Langsam"
MULTIPLY,,"multiplizieren"
WEIGHT_UP,,"Gewichtung höher"
WEIGHT_DOWN,,"Gewichtung niedriger"
OUTPUT,,"Ausgang "
CLOSE,,"schließen"
FLASHING,,"flashen..."
RESET_DEVICE,,"Gerät zurücksetzen..."
LOW_BATTERY,,"Akkuspannung niedrig!"
VOLTAGE_CALIBRATION,,"Spannungsanzeige kalibrieren"
STARTING_MODEL_WIZARD,,"Modell-Assistenten starten..."
RADIO_DATA_LOAD,,"Senderdaten werden geladen"
DEFAULT_SYSTEM_SETTINGS_RESTORED,,"Speicherfehler! Standard-Systemeinstellungen wiederhergestellt."
FLIGHT_MODE_SHORT,,"FP"
PREFLIGHT_WARNING,,"Vorflug-Warnungen"
NEW_MODEL,,"Neues Modell"
STARTING_CALIBRATION,,"Kalibrierung starten..."
NO_SD_CARD_WARNING,,"Warnung, keine SD-Karte"
ADD_CURVE_ERROR,,"Kurve hinzufügen fehlgeschlagen!"
STEP,,"Schritt"
AILERON,,"QR"
ELEVON,,"HR"
SPACE_WITH_CHANNEL,," Kanal"
QUESTION_SWAP_SSS_AND_SSS_CHANNELS_SETTINGS,,"Möchten Sie die Einstellungen der Kanäle %s und %s tauschen?"
INPUT,,"Eingang"
ELE_TO_AIL,,"HR → QR"
THR_CURVE,,"Gas-Kurve"
PITCH_CURVE,,"Pitch-Kurve"
THROTTLE_CUT,,"Motor AUS"
AIL_TO_RUD,,"QR → SR"
ELE_TO_CAMBER,,"HR → WLB"
RUD_TO_AIL,,"SR → QR"
RUD_TO_ELE,,"SR → HR"
AIL_TO_FLAPS,,"QR → KLP"
FLAPS_TO_ELE,,"WLB → HR"
FREE_MIX,,"Freier Mischer"
SNAP_ROLL,,"Snap Roll"
TEST_MIX,,"Servotest"
DELAY_UP,,"Verzögerung Oben"
DELAY_MID,,"Verzögerung Mitte"
DELAY_DOWN,,"Verzögerung Unten"
NO_DELAY,,"Verzögerung AUS"
V_TAIL,,"V-Leitwerk"
DATA_REFUSED,,"Daten abgelehnt"
DEVICE_NOT_RESPONDING,,"Gerät gibt keine Rückmeldung"
NO_OUTPUT,,"keine Ausgabe"
WEIGHT_RATES,,"Gewichtung/Anteile"
OTHERWISE,,"sonst"
AUTO,,"Auto"
TRIM_STEP_FINE,,"Fein"
TRIM_STEP_COARSE,,"Grob"
TRIM_STEP_EXPONENTIAL,,"Exponentiell"
TRIM_STEP_EXTRA_FINE,,"Extra fein"
TRIM_STEP_MEDIUM,,"Mittel"
TRIM_STEP_CUSTOM,,"Frei definiert"
SCREENSHOT,,"Screenshot"
SILENT,,"lautlos"
ALARMS_ONLY,,"nur Alarm"
OFTEN,,"öfter"
ALWAYS,,"immer"
NEVER,,"nie"
WHEN_TELEMETRY_STREAMING,,"Wenn Telemetrie-Übertragung"
VOICE1,,"Stimme 1 (Hauptst.)"
VOICE2,,"Stimme 2"
VOICE3,,"Stimme 3"
NEGATIVE,,"negativ"
POSITIVE,,"positiv"
THROTTLE_HOLD,,"Gasstellung halten"
TRIGGER_VALUE,,"Trigger-Wert"
IDLE_OUTPUT_VALUE,,"Leerlauf-Wert"
LOW_POSITION_TRIM,,"Leerlauf-Trimmung"
AND,,"UND"
OR,,"ODER"
XOR,,"XOR"
SENSORS,,"Sensoren"
RECEIVERS,,"Empfänger"
SERVOS,,"Servos"
FLIGHT_SAFETY,,"Akkuw. & Co"
VARIOMETER,,"Variometer"
ALARMS,,"Alarme"
SENSOR,,"Sensor"
RX_BATT,,"Empf.-Batt."
RX_CURRENT,,"Empf.-Strom"
ALTITUDE,,"Flughöhe"
VSPEED,,"Steigr. Vario"
SELECT_LANGUAGE,,"Sprache auswählen"
ONCE,,"1x"
FLIGHT_DATA,,"Flugdaten"
ALL_TIMERS,,"Stoppuhren alle"
WHOLE_TELEMETRY,,"Telemetrie gesamt"
REPEAT,,"wiederholen"
WAV_FILE,,"WAV-Datei"
BUTTERFLY,,"Butterfly"
CAMBER,,"Wölbung"
PITCH_TO_RUD,,"Pitch → SR"
MISSING_BASIC_MIX,,"fehlender Grundmischer"
MISSING_ENOUGH_CHANNEL,,"Es stehen nicht genügend Kanäle zur Verfügung!"
NOT_SUIT_FOR_THIS_MODEL,,"Dieser Mischer ist für dieses Modell nicht geeignet!"
THR_TO_ELE,,"GAS → HR"
THR_TO_RUD,,"GAS → SR"
TEMPERATURE,,"Temperatur"
DATA_RATE,,"Datenrate"
GPS,,"GPS"
GAS_SUITE,,"Gas Suite"
FLOW_RESET,,"Durchfl. zurücksetzen"
CDI_OFF_SPEED_LIMIT,,"CDI Drehzahlbegrenzung"
FLOW_PULSE,,"Durchfl.-Impuls"
AUTO_RESET,,"Automatisch zurücks."
RESET_RESIDUAL_VOLUME,,"Restvolumen zurücks."
RESET_MAX_FLOW,,"Max. Durchfluss zurücks."
RESET_AVERAGE_FLOW,,"Durchschn. Durchfluss zurücks."
VOLUME_ALARM,,"Volumen-Alarm"
MAX_FLOW_ALARM,,"Max. Durchfl. Alarm"
OVER_SPEED_ALARM,,"Alarm bei Drehzahlüberschreitung"
FLOW_TRIGGER,,"Durchfl.-Trigger"
FACTORY_SETTING,,"Werkseinstellung"
OVER_TEMP1_ALARM,,"Alarm Übertemp. 1"
OVER_TEMP2_ALARM,,"Alarm Übertemp. 2"
TEMPERATURE_UNIT,,"Temp. °C/°F"
AUTO_SAVE,,"Autom. speichern"
GPS_POSITION_DATA_RATE,,"Datenrate GPS-Position"
GPS_ALTITUDE_DATA_RATE,,"Datenrate GPS-Flughöhe"
GPS_SPEED_DATA_RATE,,"Datenrate GPS-Geschw."
GPS_COURSE_DATA_RATE,,"Datenrate GPS-Kurs"
GPS_TIME_DATA_RATE,,"Datenrate GPS-Zeit"
EW,,"EW"
NS,,"NS"
DEFAULT_FLIGHT_MODE,,"Standard-Flugphase"
SKIP_ON_STARTUP,,"Nicht beim Start"
LOW_VALUE_WARNING,,"Warnschwelle NIEDRIG"
CRITICAL_VALUE,,"Warnschwelle KRITISCH"
UPGRADE_MODULE,,"Modul aktualisieren"
AUTHENTICATION_FAILURE,,"Fehler Authentifikation"
MODULE_NEEDS_UPGRADE,,"Modul benötigt Upgrade"
CLEAR,,"Name löschen"
MIX_SWITCH_DESCRIPTION,,"Auswahl von verschiedenen Möglichkeiten, den Mischer aktiv/inaktiv zu schalten."
MIX_WEIGHT_DESCRIPTION,,"Der Eingangswert (Quelle) multipliziert mit diesem Wert in Prozent ergibt den Ausgangswert des Mischers. Dies wird nach der Kurve berechnet.","Der Eingangswert multipliziert mit diesem Wert ergibt den Ausgangswert."
MIX_CURVE_DESCRIPTION,,"Erstellen oder wählen Sie eine Kurve für den Mischer. Diese wird vor dem Parameter-Gewicht berechnet","Erstellen oder wählen Sie eine Kurve. Diese wird vor dem Parameter-Gewicht berechnet."
MIX_DIFFERENTIAL_DESCRIPTION,,"Wählen Sie aus, wie stark die Differenzierung (-100 bis +100%) des Kanals sein soll."
MIX_OUTPUT_DESCRIPTION,,"Wählen Sie den Kanal, auf den dieser Mischer wirken soll."
MIX_INPUT_DESCRIPTION,,"Wählen Sie die Steuerquelle, um diesen Mischer zu steuern."
MIX_OPERATION_DESCRIPTION,,"Wählen Sie den Funktionstyp für den Mischer aus: Addieren, Multiplizieren oder Ersetzen."
MIX_REVERSE_DESCRIPTION,,"Drehrichtung ändern"
MIX_OFFSET_DESCRIPTION,,"Wählen Sie einen Offsetwert aus -abweichend von der Mittelstellung-."
MIX_WEIGHTUP_DESCRIPTION,,"Servoweg vergrössern"
MIX_WEIGHTDOWN_DESCRIPTION,,"Servoweg verkleinern"
MIX_SPEEDUP_DESCRIPTION,,"Servogeschwindigkeit erhöhen"
MIX_SPEEDDOWN_DESCRIPTION,,"Servogeschwindigkeit verringern"
MIX_LOWPOSTRIM_DESCRIPTION,,"Trimmung nur untere Position aktivieren"
HELI_PITCH,,"Pitch"
HELI_GYRO,,"Kreisel"
MISSING_THROTTLE,,"Das Modell hat keine Gasfunktion."
SIX_POSITIONS_SWITCH,,"6-Pos.-Schalter"
GYRO_X_AXIS,,"X-Achse"
GYRO_Y_AXIS,,"Y-Achse"
GYRO_LEFT,,"Kreisel links"
GYRO_RIGHT,,"Kreisel rechts"
GYRO_UP,,"Kreisel hoch"
GYRO_DOWN,,"Kreisel runter"
AILERON_LETTER,,"QR"
RUDDER_LETTER,,"SR"
ELEVATOR_LETTER,,"HR"
THROTTLE_LETTER,,"GAS"
NOT,,"NICHT"
STICKY,,"SR FlipFlop"
EDGE,,"Impuls/Übergang nach"
MIDDLE,,"Mitte"
NO_CHECK,,"nicht geprüft"
CUSTOM,,"Benutzer"
HOLD,,"Position halten"
NO_PULSES,,"keine Impulse"
NOT_SET,,"nicht eingestellt"
NO_ENGINE,,"kein Motor"
NO_FLAPS,,"keine Klappen"
NO_RUDDERS,,"kein Seitenruder","kein SR"
NO_ELEVATORS,,"kein Höhenruder","kein HR"
NO_AILERONS,,"kein Querruder","kein QR"
CHANNELS_1,,"1 Kanal"
CHANNELS_2,,"2 Kanäle"
CHANNELS_3,,"3 Kanäle"
CHANNELS_4,,"4 Kanäle"
BEEP,,"Piepton"
IN_RANGE,,"im Ber."
REPLACE,,"ersetzt"
USE_A_SOURCE,,"Signalquelle verwenden"
CONVERT_TO_VALUE,,"in Wert umwandeln"
SPECIAL,,"Spezial"
MAXIMUM,,"Maximum"
MINIMUM,,"Minimum"
MOMENTARY,,"Taster"
TWO_POS,,"2-Pos."
THREE_POS,,"3-Pos."
GYRO_CALIBRATION_PLACE_LEVEL,,"Sender in Position bringen. Dann -Weiter- drücken."
GYRO_CALIBRATION_LEFT,,"Zur LINKEN Seite neigen. Dann -Weiter- drücken."
GYRO_CALIBRATION_RIGHT,,"Zur RECHTEN Seite neigen. Dann -Weiter- drücken."
GYRO_CALIBRATION_NOSE_UP,,"Nach OBEN drehen. Dann -Weiter- drücken."
GYRO_CALIBRATION_NOSE_DOWN,,"Nach UNTEN drehen. Dann -Weiter- drücken."
DEFAULT,,"Standard"
STRENGTH,,"Intensität"
AM,,"AM"
PM,,"PM"
PLAY_VARIO,,"Vario abspielen"
RF_ALWAYS_OFF,,"Spezial-Modus, HF-Modul ist immer AUS"
STAB_FUNC,,"Kreisel-Funktion"
RX_PROTOCOL,,"Empf.-Protokoll"
NO_MAP,,"keine Zuordnung"
DIRECTION,,"Richtung"
CLOCKWISE,,"im Uhrzeigersinn"
ANTICLOCKWISE,,"gegen den Uhrzeigersinn"
PWM_PULSE_TYPE,,"PWM-Impuls-Typ"
BASIC_CONFIG,,"Basis Konfiguration"
RX1_MAP,,"Empf. 1   Zuordnung"
RX2_MAP,,"Empf. 2   Zuordnung"
RX3_MAP,,"Empf. 3   Zuordnung"
ALL_FREQUENCY,,"alle Frequenzen"
STICKS_NAME,,"Steuerknüppel-Name"
CHANNELS_COUNT,,"Anzahl Kanäle"
EXT,,"EXT."
INT,,"INT."
PLACE_RECEIVER_LEVEL,,"Horiz., Oberseite ↑"
PLACE_RECEIVER_LEVEL_REVERSE,,"Horiz., Oberseite ↓"
PLACE_RECEIVER_LEFT,,"Vert., Pins ↑"
PLACE_RECEIVER_RIGHT,,"Vert., Pins ↓"
PLACE_RECEIVER_FORWARD,,"Horiz., Obers., Pins →"
PLACE_RECEIVER_BACKWARD,,"Horiz., Obers., Pins ←"
ADD_A_NEW_WEIGHT,,"Gewichtung hinzufügen","Gewichtung hinz."
ADD_A_NEW_CURVE,,"Kurve hinzufügen","Kurve hinz."
AUDIO,,"Audio"
VOICE,,"Stimme"
VAR,,"VAR"
VOLUME,,"Tank-Volumen"
SAVE_TO_FLASH,,"In int. Speicher speichern"
SAVE_TO_FLASH_MESSAGE,,"Alle Einstellungen wurden erfolgreich gespeichert!"
TIMER_GENERATOR,,"Taktgenerator"
CONFIRM_CLEAR_CHANNEL_DDD_NAME,,"Kanal %d wird von keinem Mischer verwendet.\nMöchten Sie den Namen löschen?"
EDIT_SSS,,"%s bearbeiten"
RESET_SSS,,"%s zurücksetzen"
OPTIONS_3DOTS,,"Optionen..."
QUESTION_COPY_CHANNEL_NAME,,"Der Kanal hat keinen Namen.\nMöchten Sie den Namen des Mischers in den Kanal kopieren?"
FLY_BAR_LESS,,"Flybarless"
SPEAKER_MUTE,,"Lautsprecher AUS"
WING_RUD_ELE_AIL,,"Standard"
WING_FLYING,,"Delta/Nurflügel"
WING_VTAIL_AIL,,"Standard V-Leitwerk"
LEVEL,,"Oberseite oben"
LEVEL_REVERSED,,"Oberseite unten"
UPRIGHT,,"Linke Seite ↑, Ant. in Flugr."
UPRIGHT_REVERSED,,"Linke Seite ↓, Ant. in Flugr."
WING_TYPE,,"Modelltyp"
MOUNTING_TYPE,,"Einbaulage"
SXR_ENABLE,,"Kreisel akt./inakt."
AIL_INVERTED,,"QR invert."
AIL2_INVERTED,,"QR 2 invert."
ELE_INVERTED,,"HR invert."
ELE2_INVERTED,,"HR 2 invert."
RUD_INVERTED,,"SR invert."
AUX1_ENABLE,,"AUX1 K5 EIN=frei - AUS=Stabi QR2"
AUX2_ENABLE,,"AUX2 K6 EIN=frei - AUS=Stabi HR2"
QUICK_MODE,,"Quick Mode"
SELF_CHECK,,"Selbst-Test (K3 <-85%)"
STAB_GAIN_OF_AIL,,"Stabi-Modus Empfindl. QR"
STAB_GAIN_OF_ELE,,"Stabi-Modus Empfindl. HR"
STAB_GAIN_OF_RUD,,"Stabi-Modus Empfindl. SR"
AUTO_LEVEL_GAIN_OF_AIL,,"Rettungs-Modus Empfindl. QR"
AUTO_LEVEL_GAIN_OF_ELE,,"Rettungs-Modus Empfindl. HR"
HOVER_GAIN_OF_ELE,,"Torque-Modus Empfindl. HR"
HOVER_GAIN_OF_RUD,,"Torque-Modus Empfindl. SR"
KNIFE_EDGE_GAIN_OF_AIL,,"Messerflug-Modus Empfindl. QR","Messerfl.-Modus Empfindl. QR"
KNIFE_EDGE_GAIN_OF_RUD,,"Messerflug-Modus Empfindl. SR","Messerfl.-Modus Empfindl. SR"
AUTO_LEVEL_OFFSET_OF_AIL,,"Offset Rettungs-Modus QR"
AUTO_LEVEL_OFFSET_OF_ELE,,"Offset Rettungs-Modus HR"
HOVER_OFFSET_ANGLE_OF_ELE,,"Offset Hover-Modus HR"
HOVER_OFFSET_ANGLE_OF_RUD,,"Offset Hover-Modus SR"
KNIFE_EDGE_OFFSET_OF_AIL,,"Offset Messerfl.-Modus QR"
KNIFE_EDGE_OFFSET_OF_RUD,,"Offset Messerfl.-Modus SR"
OUTPUT_VOLTAGE,,"Ausgangsspannung"
LIPO_VOLTAGE,,"LiPo-Spannung"
RB_10_20,,"RB 10/20"
ALTITUDE_DATA_RATE,,"Datenrate -Höhe-"
VARIO_DATA_RATE,,"Datenrate -Vario-"
CURRENT_DATA_RATE,,"Datenrate -Strom-"
VOLTAGE_DATA_RATE,,"Datenrate -Spannung-"
RPM,,"Drehzahl"
POLES_COUNT,,"Polzahl"
NEED_FIRMWARE_UPDATE,,"Firmwareupdate benötigt"
SYSTEM_VALUE,,"Systemwert"
GPS_CLOCK,,"GPS-Zeit"
RACING_MODE_ACTIVE,,"Racing-Modus aktiv"
RACING_MODE_IS_UNSUPPORTED,,"Racing-Modus nicht unterstützt"
POTS_SLIDERS,,"Potis/Slider"
STICKS_POTS_SLIDERS,,"Steuerknüppel/Potis/Slider"
WRITE_INTERVAL,,"Schreib-Intervall"
TX_BATT,,"Senderakku"
AVERAGE,,"Durchschnittswert aus"
TOTALIZE,,"Gesamt"
CELL,,"Zelle"
CONSUMPTION,,"Verbr."
DISTANCE,,"Abstand"
FALLING_EDGE_OF_SSS_BETWEEN_SSS_AND_SSS,,"↓Flanke von %s zw.>%s u. <%s"
RISING_EDGE_OF_SSS_DURING_SSS,,"↑Flanke von %s verzögert %s"
FALLING_EDGE_OF_SSS_DURING_SSS,,"↓Flanke von %s verzögert %s"
FALLING_EDGE_OF_SSS,,"↓Flanke von %s sofort"
RISING_EDGE_OF_SSS,,"↑Flanke von %s sofort"
STALL,,"blockiert"
EDITABLE_SRV_DDD_CURR,,"SRV%d Strom"
EDITABLE_SRV_DDD_VOLT,,"SRV%d Spann."
EDITABLE_SRV_DDD_TEMP,,"SRV%d Temp."
CONDITION,,"aktiv durch"
TIMER_LOGS,,"Stoppuhr-Logs"
SAVE_TO_SD,,"Auf SD-Karte speichern"
CLEAR_LOGS,,"Logs löschen"
TITLE,,"Titel"
LOWEST,,"niedrigste"
COUNT,,"Anzahl"
HIGHEST,,"höchster"
BLADES,,"Blätter"
MAINGEAR_TEETH,,"Polzahl"
PINION_TEETH,,"Übersetzungsverh."
GEAR,,"Getriebe"
PROPELLER,,"Propeller"
FLIGHT_VALUE,,"Flugphase X"
CURRENT_FLIGHT_MODE,,"aktuelle Flugphase"
NO_DESTINATION,,"Kein Zielort"
ENT_LONG,,"ENT lang"
RX_STILL_ON_TURN_OFF_TRANSMITTER,,"Empfänger noch eingeschaltet, Sender wirklich ausschalten?"
CONFIRM_RESET_SENSOR,,"Der Wert dieses Sensors wird zurückgesetzt.\nSicher, dass Sie fortfahren möchten?"
LATITUDE,,"Breitengrad"
LONGITUDE,,"Längengrad"
GPS_MAP,,"GPS-Karte"
MAP,,"Karte"
INTERNAL_GPS,,"Internes GPS"
RAM_AVAILABLE,,"Verfügbarer RAM"
CLOCK,,"Zeit"
TRIP,,"Trip"
SYSTEM_EVENT,,"Sys.-Ereignis"
RSSI_LOW,,"RSSI niedrig"
TRAINER_ACTIVE,,"Trainer aktiv"
MULTIPLIER,,"Multiplikator"
VERTICAL,,"vertikal"
HORIZONTAL,,"horizontal"
TOTAL,,"gesamt"
CELLS,,"Zellen"
MULTI_LIPO,,"Multi-LiPo"
LIPO,,"LiPo"
LINE_CHART,,"Liniendiagramm"
LOG_PERIOD,,"Log-Zeitraum"
RESUME,,"fortsetzen"
PAUSE,,"Pause"
AUTO_RANGE,,"Bereich flexibel"
LOCK,,"sperren"
Xx2POS,,"{HARDWARE_FUNCTION_SWITCHES} x EIN/AUS"
XPOS_WITH_OFF,,"{HARDWARE_FUNCTION_SWITCHES}-Pos. mit AUS"
XPOS,,"{HARDWARE_FUNCTION_SWITCHES}-Pos."
2xXPOS,,"2 x {HARDWARE_FUNCTION_SWITCHES_PER_SIDE}-Pos."
GLOBAL,,"Global"
_2DOTS,,": "
SUMMARY,,"Bedingungen"
CONFIRM_STOP_USING_CURVE,,"Sicher, dass Sie diese Kurve nicht mehr verwenden möchten?"
CONFIRM_STOP_USING_RATE,,"Sicher, dass Sie diese Rate nicht mehr verwenden möchten?"
PATTERN,,"Muster"
ROLL_ANGLE,,"Rollwinkel"
PITCH_ANGLE,,"Nickwinkel"
HYDRAULIC_PRESSURE,,"Hyd. Druck"
IGNORE_TRAINER_INPUT,,"Schülerwert gesperrt"
FULL_RANGE,,"Voller Bereich"
IGNORE_RANGE,,"Bereich ignorieren"
HALF_RANGE,,"Halber Bereich"
SLEEP_BRIGHTNESS,,"Helligkeit Ruhemodus"
TOP_LCD_SLEEP,,"Top LCD Sleep"
VIEW_PER_CHANNEL,,"Ansicht pro Kanal"
VIEW_TABLE,,"Ansicht in Tabellenform"
GENERAL,,"Allgemein"
RX_STILL_ON_TURN_OFF_RF,,"Empfänger noch eingeschaltet.\nFortfahren?"
LOAD_ALL_FUNCTION_SWITCH_POSITIONS,,"Alle Funktionsschalter-Positionen laden"
CONFIRM_LOAD_ALL_FUNCTION_SWITCH_POSITIONS,,"Alle Funktionsschalter-Positionen werden mit den aktuellen Positionen überschrieben.\nSicher, dass Sie fortfahren möchten?"
STORAGE_LOCATION,,"Speicherort"
RADIO,,"Sender"
MODELS,,"Modelle"
USER_BITMAPS,,"Nutzer-Bitmaps"
SCRIPTS,,"Skripte"
LOGS,,"Logs"
SCREENSHOTS,,"Screenshots"
PRESSURE,,"Druck"
COLOR,,"Farbe"
CONFIRM_CLEAR_CHANNELS_SSS_NAME,,"Es gibt keine Mischer, die Kanal %s verwenden. Möchten Sie den Namen dieser Kanäle löschen?"
CHANNEL_SBUS_VALUE_LIMIT_WARNING,,"Der neue Servoweg (>125%) ist nicht mit der Verwendung von SBUS/Redundanz kompatibel.\nSicher, dass Sie fortfahren möchten?"
VOLTAGE,,"Spannung"
SAVE_TO_FILE,,"In Datei speichern"
FLASH_VIDEO_COMPONENT,,"Video-Komponente flashen"
RX_BAT_VOLTAGE,,"Empf.-Batt. 1 Spannung"
RX_BAT_2_VOLTAGE,,"Empf.-Batt. 2 Spannung"
EXT_ADC_VOLTAGE,,"Externe ADC-Spannung"
BOARD_CURRENT,,"Board-Strom"
POWER_ON_RESET,,"Einschalt-Rücksetzen"
PIN_RESET,,"Pin-Rücksetzen"
WAKE_UP_RESET,,"Wake-Up-Rücksetzen"
WATCHDOG_RESET,,"Watchdog-Rücksetzen"
LOCKUP_RESET,,"Sperre-Rücksetzen"
BROWN_DOWN_DET_RESET,,"Brown-Down-Erkennung-Rücks."
RX_RESET_CASE,,"Empfänger zurücksetzen"
OPERATION_ASSIGN,,"gleich(=)"
OPERATION_ADD,,"addieren(+)"
OPERATION_SUBTRACT,,"subtrahieren(-)"
OPERATION_MULTIPLY,,"multiplizieren(*)"
OPERATION_DIVIDE,,"dividieren(/)"
SQRT,,"Quadratwurzel"
REPURPOSE,,"wiederverw."
SENSOR_CONFLICT_WARNING,,"Sensorkonflikt-Warnung"
NIGHTLY_BUILD_NOT_FOR_FLYING,,"Nightly Version, nicht zum Fliegen!"
READING_FILE,,"Datei lesen..."
NOT_ENOUGH_MEMORY,,"Nicht genug Speicherplatz"
CLEAN_LOGS,,"Logs bereinigen"
CONFIRM_CLEAN_LOGS,,"Alle .csv-Dateien in diesem Verzeichnis werden gelöscht.\nSicher, dass Sie fortfahren möchten?"
CLEANING_LOGS,,"Logs bereinigen..."
PAUSE_CONDITION,,"Pausenbedingung"
RESET_SETTINGS,,"Einstell. zurücksetzen","Einstell. zurücks."
SWAP_CHANNELS,,"Kanäle tauschen"
CONFIRM_RESET_SETTINGS,,"Die Einstellungen werden auf die Standardwerte zurückgesetzt.\nSicher, dass Sie fortfahren möchten?"
CONFIRM_SWITCH_EXTERNAL_MODULE,,"Die Einstellungen werden auf die Standardwerte zurückgesetzt.\nSicher, dass Sie fortfahren möchten?"
CONFIRM_SWITCH_TRAINER,,"Der Trainer verwendet jetzt das externe HF-Modul. Er wird gestoppt.\nSicher, dass Sie fortfahren möchten?"
COMPETITION_OPTION,,"Wettbew. (nur RSSI u. Batt.)"
CONFIRM_BLUETOOTH_USED_BY_SSS,,"Bluetooth wird jetzt von %s verwendet. Es wird beendet.\nSicher, dass Sie fortfahren möchten?"
BOTH_MODULES,,"Beide HF-Module"
SPORT_CONNECTOR,,"S.Port-Anschluss"
CONFIRM_SPORT_USED_BY_SSS,,"S.Port-Anschluss wird jetzt von %s verwendet.\nSicher, dass Sie fortfahren möchten?"
TRAINER_CABLE,,"Kabel"
BLUETOOTH,,"Bluetooth"
SBUS_EXTERNAL_MODULE,,"SBUS externes HF-Modul"
CPPM_EXTERNAL_MODULE,,"CPPM externes HF-Modul"
LUA_TASKS,,"Lua-Aufgaben"
LUA_SOURCES,,"Lua-Quellen"
MISSING_SCRIPT_FILE,,"Fehlende Skript-Datei"
BITMAP,,"Bitmap"
BITMAP_TYPE,,"Bitmap-Typ"
BITMAP_FILE,,"Bitmap-Datei"
FILE_PATH,,"Dateipfad"
TEXT,,"Text"
DOCUMENTS,,"Dokumente"
USB_MODE_PRESELECTION,,"USB-Modus-Voreinstellung"
USB_MODE,,"USB-Modus"
JOYSTICK,,"Joystick"
SERIAL,,"seriell"
SELECT_MODEL_AT_POWER_ON,,"Modell beim Einschalten auswählen","Modell beim Einsch. auswählen"
LOAD_MODEL,,"Modell laden"
TELEMETRY_ACTIVE,,"Telemetrie aktiv"
FLIGHT_RESET,,"Flug zurücksetzen"
THROTTLE_ACTIVE,,"Gas aktiv"
COUNTING_SOURCE,,"Proportionale Zeitquelle"
SEND_FILE,,"Datei senden"
FILE_TRANSFER,,"Dateiübertragung"
RECEIVE_FILE_HERE,,"Datei empfangen"
WAITING_FOR_CONNECTION,,"Warten auf Verbindung..."
CONNECTION_REFUSED,,"Verbindung verweigert"
WAITING_FOR_RECEIVER_CONFIRMATION,,"Warten auf die Bestätigung des Empfängers..."
FILE_TRANSFER_FAILED,,"Dateiübertragung fehlgeschlagen"
CONFIRM_RECEIVE_FILE_SSS_IN_FOLDER_SSS_SIZE_IS_SSS,,"Datei %s in Ordner %s empfangen?\nDie Dateigröße beträgt %s."
CONFIRM_OVERWRITE_FILE_SSS_IN_FOLDER_SSS_SIZE_IS_SSS,,"Datei %s im Ordner %s überschreiben?\nDie Dateigröße beträgt %s."
SENDING_SSS,,"%s senden..."
RECEIVING_SSS,,"%s empfangen..."
SEND_MODEL,,"Modell senden"
RECEIVE_MODEL,,"Modell empfangen"
ARE_YOU_USING_A_FRSKY_SELF_STAB_RECEIVER,,"Nutzen Sie einen Gyro-Empfänger von FrSky?"
EMERGENCY,,"Rettung"
GAIN_ADJUST,,"Gain einst."
UNIT_KNOT,,"kn"
UNIT_MILLILITER_PER_PULSE,,"ml/p"
UNIT_RPM,,"U/min"
ASSIGN_INPUT_HINT,,"Bitte weisen Sie den folgenden Funktionen Eingangsquellen zu"
CONFIRMATION,,"Bestätigung"
ENABLE_XXX,,"%s aktivieren?"
DISABLE_XXX,,"%s deaktivieren?"
CONFIRMATION_BEFORE_ACTIVE,,"Bestätigung vor Aktivierung?","Bestätigung vor Akt.?"
CONFIRMATION_BEFORE_INACTIVE,,"Bestätigung vor Deaktivierung?","Bestätigung vor Deakt.?"
REMOTE_NFC,,"Remote-NFC"
SWITCH_CHANNEL,,"Kanal wechseln"
WIRELESS,,"Kabellos"
TIMEOUT,,"Zeitüberschreitung"
NO_ENABLED_MODULE,,"Bitte aktivieren Sie das Modul, das Sie mit NFC verbinden möchten"
GET_MODULE_UUID_FAILED,,"Modul-UUID konnte nicht abgerufen werden.\nBitte überprüfen Sie den Status Ihres Moduls!"
BIND_NFC_FAILED,,"NFC kann nicht mit dem Modul verbunden werden!"
PROTOCOL_NOT_SUPPORTED,,"Das aktuelle Modulprotokoll wird nicht unterstützt!"
CONFIRM_DELETE_TRIM,,"Trimmung wirklich löschen?"
LEFT_STICK,,"Linker Steuerknüppel"
RIGHT_STICK,,"Rechter Steuerknüppel"
ALL_MOTORS,,"Alle Motoren"
SELECT,,"auswählen"
SINGLE_MOTOR,,"Einzelmotor"
STICK_MOTORS,,"Knüppelmotoren"
CONFIRM_DELETE_ACTION,,"Aktion wirklich löschen?"
CONFIRM_DELETE_SCREEN,,"Bildschirm wirklich löschen?"
CONFIRM_DELETE_SENSOR,,"Sensor wirklich löschen?"
FILE_ALREADY_EXISTS,,"Es gibt eine Datei mit gleichem Namen"
MODEL_RUNTIME,,"Modell Betriebszeit"
RADIO_RUNTIME,,"Sender Betriebszeit"
WAITING_FOR_SIGNAL,,"Warten auf Signal..."
CONFIRM_RESET_RUNTIME,,"Betriebszeit wird zurückgesetzt.\nSicher, dass Sie fortfahren möchten?"
BANK,,"Bank"
POWER_SWITCH,,"Power Switch"
CURRENT_AND_VOLTAGE_RATE,,"Strom- & Spannungsrate"
BEC_VOLTAGE_RATE,,"BEC Spannungsrate"
SBEC_VOLTAGE,,"SBEC Spannung"
BATTERY_MODE,,"Batteriemodus"
SWITCH_VOLTAGE,,"Schalterspannung"
BALANCE,,"Balance"
BACKUP,,"Backup"
BALANCE_CHANNELS,,"Balance-Kanäle"
CHOOSE_CHANNELS,,"Kanäle auswählen"
BALANCE_CURVE,,"Balance-Kurve"
CONFIRM_TO_SHARE_RECEIVER,,"Sicher, dass Sie diesen Empfänger gemeinsam nutzen möchten?"
CONFIRM_TO_UNBIND_RECEIVER,,"Sicher, dass Sie die Bindung dieses Empfängers löschen möchten?"
CONFIRM_FRSK_NOT_COMPATIBLE,,"Diese FRSK-Datei ist mit Ihrem Gerät nicht kompatibel.\nSicher, dass Sie fortfahren möchten?"
RX_VFR,,"RX VFR"
SMOKE_PUMP_VOLTAGE,,"S.P. Spannung"
SMOKE_PUMP_CURRENT,,"S.P. Strom"
SMOKE_PUMP_TEMPERATURE,,"S.P. Temp."
SMOKE_PUMP,,"Smokepumpe"
SOLENOID_VALVE,,"Magnetventil"
BIND_CARD,,"NFC-Schlüssel binden"
WAITING_FOR_NFC_CARD,,"Bitte halten Sie die NFC-Schlüssel zum Binden nahe an die NFC-Fernbedienung!"
BIND_CARD_SUCCESS,,"NFC-Karte erfolgreich gebunden!"
BIND_CARD_FAIL,,"NFC-Schlüssel wurde nicht gebunden!"
BUS_INVERT,,"F.Bus und F.Port beim Empf. invertieren","Bus beim Empf. invertieren"
SBEC_INPUT_VOLT,"none","SBEC-Eingangsspannung","SBEC-Eingangssp."
OVER_CURRENT,,"Überstrom"
READ_MAG_ERROR,,"Fehler beim Mag-lesen"
LOW_VOLTAGE,,"Niedrige Spannung"
UNKNOWN_ERROR,,"Unbekannter Fehler"
WORKING_MODE,,"Arbeitsmodus"
ANGLE_MODE,,"Winkelmodus"
RANGE_MODE,,"Reichweitensmodus"
ROTATE_MODE,,"Rotationsmodus"
XACT_RANGE,,"Reichweite (nur im Reichweitenmodus)"
XACT_MAX_ANGLE,,"Maximaler Winkel (nur im Winkelmodus)"
POT_GAP,,"Poti-Position"
EDITABLE_SRV_DDD_VELOCITY,,"SRV%d vel"
EDITABLE_SRV_DDD_STATE,,"SRV%d state"
EDITABLE_SRV_DDD_POS,,"SRV%d pos"
GEAR_CHANNEL,,"Fahrwerkskanal"
GEAR_OPERATING_VOLTAGE,,"Fahrwerksspannung"
DOOR_OPERATING_VOLTAGE,,"Doorsequenzer-Spannung"
REAR_DOOR_MODE,,"Bug-/Heck-FW-Klappen-Modus"
NOSE_DOOR_MODE,,"Haupt-FW-Klappen-Modus"
LEFT_GEAR_STALL_CURRENT,,"Abschaltstrom linkes HFW"
RIGHT_GEAR_STALL_CURRENT,,"Abschaltstrom rechtes HFW"
NOSE_GEAR_STALL_CURRENT,,"Abschaltstrom Bug-/Heck-FW"
LEFT_GEAR_INVERT,,"Linkes HFW invertiert"
RIGHT_GEAR_INVERT,,"Rechtes HFW invertiert"
NOSE_GEAR_INVERT,,"Bug-/Heck-FW invertiert"
DOOR_SPEED,,"FW-Türen Geschwindigkeit"
NOSE_DOOR_CLOSE_VALUE,,"Bugklappe geschlossen bei..."
NOSE_DOOR_OPEN_VALUE,,"Bugklappe geöffnet bei..."
RIGHT_DOOR_CLOSE_VALUE,,"Re. HFW-Klappe geschlossen bei..."
RIGHT_DOOR_OPEN_VALUE,,"Re. HFW-Klappe geöffnet bei..."
LEFT_DOOR_CLOSE_VALUE,,"Li. HFW-Klappe geschlossen bei..."
LEFT_DOOR_OPEN_VALUE,,"Li. HFW-Klappe geöffnet bei..."
DELAY_AFTER_DOOR_OPEN,,"Verzögerung nach Klappenöffnung","Verzögerung nach Klappenöffn."
DELAY_BEFORE_DOOR_CLOSE,,"Verzögerung vor Klappenöffnung"
DOORS_CALIBRATION,"None","Doors calibration"
DOORS_POSITIONS_RESET,"None","Doors positions reset"
RESET_DOORS_POSITIONS,,"Tür-Pos.-Speicher zurücksetzen","Tür-Pos.-Speicher zurücks."
BRAKE_CHANNEL,,"Bremssteuerungskanal"
BRAKE_OPERATING_VOLTAGE,,"Betriebsspannung der Bremsen"
RIGHT_BRAKE_FORCE,,"Rechter Bremswert"
LEFT_BRAKE_FORCE,,"Linker Bremswert"
BRAKE_VELOCITY_THRESHOLD,,"Bremsansprech-Geschwindigkeit"
GEAR_UP_BRAKE_FORCE,,"Maximale Bremsstärke"
BRAKE_STABILIZER_WEIGHT,,"Automatische Bremsstärke"
STEERING_CHANNEL,,"Lenkkanal"
STEERING_RANGE,,"Lenkbereich"
HEADING_HOLD,,"Kurs halten"
STABILIZED,,"Stabilisiert"
STEERING_STABILIZER_MODE,,"Selbststabilisierungsmodus"
STEERING_STABILIZER_GAIN,,"Lenk-Stabi-Modus"
STEERING_STABILIZER_DIRECTION,,"Lenk-Stabi-Richtung"
STEERING_TRIM,,"Lenktrimmung"
STALL_CURRENT,,"Kalibrieung des Abschaltstromes"
END_CALIBRATION,,"Kalibrierung beenden"
END_CALIBRATION_MESSAGE,,"Kalibrierung wird beendet, bitte warten Sie, bis das Dialogfeld geschlossen ist ..."
PGC_CALIBRATE_MESSAGE,,"Bitte drücken Sie die Kalibrierungsrichtungstaste, um die Kalibrierung zu starten. Drücken Sie bei Bedarf 'Stopp', basierend auf dem Echtzeitstatus des PGC."
STOP,,"Stop"
NOSE_DOOR,,"Bug-Klappe"
LEFT_DOOR,,"Linke Klappe"
RIGHT_DOOR,,"Recht Klappe"
CALIBRATE_CLOSE_POSITION,,"Geschlossen-Position kalibrieren"
CALIBRATE_OPEN_POSITION,,"Offen-Position kalibrieren"
PARAMETERS_WRITE_FAILED,"None","Schreiben fehlgeschlagen!"
PARAMETERS_WRITE_SUCCEEDED,"None","Parameter erfolgreich geschrieben!"
PARAMETERS_SET_OPTION,"None","Parameters set option"
PARAMETERS,"None","Parameters"
DEFAULT_PARAMETERS,"None","Default parameters"
WRITING_PARAMETERS,"None","Writing parameters"
WRITING_PARAMETERS_TO_XACT,"None","Writing parameters to XAct ..."
